file,line,code
backend/server.js,2677,const db = await readDb({
backend/server.js,2853,const db = await readDb({ refreshExternalizedTableLocks: true });
backend/server.js,3042,const db = await readDb({
backend/server.js,4124,const db = await readDb({ refreshExternalizedSessions: true });
backend/server.js,4186,const db = await readDb({ refreshExternalizedSessions: true });
backend/server.js,15938,"const tableLockWorkerRequestFastPath = createTableLockWorkerRequestFastPath({ enabled: isTableLockWorkerRequestFastPathEnabled, readDb: () => readDb(), sessionsRepository: mysqlSessionsSplitRepository, redisVolatileStore, redisSessionCacheEnabled: () => isTableLockWorkerRedisSessionCacheEnabled() && backendProcessRouteGuard.role === ""table-lock-worker"", hashSessionToken, validateResolvedSessionContext, sanitizePosSettings, buildIntegrationLayoutFromSettings, runtimeMetrics, logger: console });"
backend/server.js,15939,"function isApiWorkerRedisSessionCacheEnabled() { return API_WORKER_REDIS_SESSION_CACHE_REQUESTED && redisVolatileStore.sessionsEnabled && mysqlSessionsSplitRepository.enabled; } function isAuthSessionRedisCacheRequired() { return isTableLockWorkerRedisSessionCacheEnabled() || isApiWorkerRedisSessionCacheEnabled(); } function isApiWorkerRequestAuthFastPathEnabled() { return API_WORKER_REQUEST_AUTH_FASTPATH_REQUESTED && backendProcessRouteGuard.role === ""api-worker"" && mysqlSessionsSplitRepository.enabled && typeof mysqlSessionsSplitRepository.findSessionByTokenHash === ""function""; } const apiWorkerRequestFastPath = createApiWorkerRequestFastPath({ enabled: isApiWorkerRequestAuthFastPathEnabled, readDb: () => readDb(), sessionsRepository: mysqlSessionsSplitRepository, redisVolatileStore, redisSessionCacheEnabled: isApiWorkerRedisSessionCacheEnabled, hashSessionToken, validateResolvedSessionContext, runtimeMetrics, logger: console });"
backend/server.js,16482,"let stepStartedAt = Date.now(), db = await appStateRepository.readDb(options); recordReadDbInternalStep(""appStateRead"", stepStartedAt, options);"
backend/server.js,17025,"async function handleInternalOrderAsyncAppStateFlush(req, res) { if (!SHOULD_RUN_BACKEND_OWNER_JOBS) { sendJson(res, 409, { ok: false, code: ""ORDER_ASYNC_FLUSH_OWNER_REQUIRED"", error: ""Flush remoto disponibile solo sull'owner."" }); return; } const payload = await readJsonBody(req); const options = buildRemoteOwnerFlushOptions(payload?.options); runtimeMetrics.incrementCounter(""ordersAsyncFlushRemoteOwnerHandled""); if (orderAsyncAppStateFlushQueue.tryDefer(options)) { runtimeMetrics.incrementCounter(""ordersAsyncFlushRemoteOwnerDeferred""); sendJson(res, 202, { ok: true, deferred: true, pendingDepth: orderAsyncAppStateFlushQueue.pendingDepth() }); return; } runtimeMetrics.incrementCounter(""ordersAsyncFlushRemoteOwnerSyncFallbacks""); const db = await readDb({ forceReload: true }); await writeIntegrationOrderSyncDb(db, options); sendJson(res, 200, { ok: true, deferred: false }); }"
backend/server.js,17673,const db = await readDb();
backend/server.js,20064,const db = await readDb();
backend/server.js,20248,"const db = options.db && typeof options.db === ""object"" ? options.db : await readDb();"
backend/server.js,20352,const db = await readDb();
backend/server.js,20411,const db = await readDb();
backend/server.js,20462,const db = await readDb();
backend/server.js,20537,const db = await readDb();
backend/server.js,20609,const db = await readDb();
backend/server.js,20625,const db = await readDb();
backend/server.js,20690,const db = await readDb();
backend/server.js,20824,const db = await readDb();
backend/server.js,20840,const db = await readDb();
backend/server.js,20859,const db = await readDb();
backend/server.js,20903,const latestDb = await readDb();
backend/server.js,20953,readDb()
backend/server.js,21664,const db = await readDb();
backend/server.js,21703,const db = await readDb();
backend/server.js,21740,const db = await readDb();
backend/server.js,21768,const db = await readDb();
backend/server.js,21813,const db = await readDb();
backend/server.js,21844,const db = await readDb();
backend/server.js,22059,const db = await readDb();
backend/server.js,22098,const db = await readDb();
backend/server.js,22185,const db = await readDb();
backend/server.js,22222,const db = await readDb();
backend/server.js,22274,const db = await readDb();
backend/server.js,22324,const db = await readDb();
backend/server.js,22402,const db = await readDb();
backend/server.js,22451,const db = await readDb();
backend/server.js,22633,const db = await readDb();
backend/server.js,23882,const db = await readDb();
backend/server.js,23921,const db = await readDb({ refreshExternalizedIntegrationStationStates: true });
backend/server.js,24033,const db = await readDb();
backend/server.js,24433,const db = await readDb();
backend/server.js,24478,const db = await readDb();
backend/server.js,24563,"const db = await telemetry.measure(""readDb.handler"", () => readDb({"
backend/server.js,24657,"const db = await telemetry.measure(""readDb.handler"", () => readDb({"
backend/server.js,24739,"const db = await telemetry.measure(""readDb.handler"", () => readDb());"
backend/server.js,24816,const db = await readDb();
backend/server.js,24909,const db = await readDb();
backend/server.js,24950,const db = await readDb();
backend/server.js,25136,const db = await readDb();
backend/server.js,25233,"const db = await requestTelemetry.measure(""readDb.handler"", () => readDb());"
backend/server.js,25291,"const db = await approveTelemetry.measure(""readDb.handler"", () => readDb());"
backend/server.js,25342,const db = await readDb();
backend/server.js,25365,"const db = await readDb(), auditEventStartIndex = Array.isArray(db.auditEvents) ? db.auditEvents.length : 0;"
backend/server.js,27054,const db = await readDb();
backend/server.js,27620,const db = await readDb();
backend/server.js,27790,const db = await readDb();
backend/server.js,27839,const db = await readDb();
backend/server.js,27864,const db = await readDb();
backend/server.js,27945,const sourceDb = await readDb(
backend/server.js,28478,const db = await readDb();
backend/server.js,28623,const db = await readDb();
backend/server.js,28753,const db = await readDb();
backend/server.js,28846,"const db = await readDb({ operationMetricKind: ""orderCreateRead"", parallelExternalizedTableLocksAndStationStates: ORDER_CREATE_PARALLEL_EXTERNAL_REFRESH, refreshExternalizedSessions: !req.__authContext, refreshExternalizedIntegrationStationStates: true, refreshExternalizedTableLocks: !ORDER_CREATE_TARGETED_LOCK_REFRESH || Boolean(orderCreateTableId), refreshExternalizedTableLockId: ORDER_CREATE_TARGETED_LOCK_REFRESH ? orderCreateTableId : """" }); recordOrderCreateStage(""readDb"");"
backend/server.js,29626,const latestDb = await readDb();
backend/server.js,30247,let db = scopedOrdersDb ?? (await readDb());
backend/server.js,30509,const db = await readDb({
backend/server.js,31098,const db = await readDb({
backend/server.js,31315,const db = await readDb({
backend/server.js,31465,const db = await readDb();
backend/server.js,31566,const db = await readDb({ refreshExternalizedSessions: true });
backend/server.js,31840,const db = await readDb({ refreshExternalizedSessions: true });
backend/server.js,32173,const db = await readDb();
backend/server.js,32348,"return readDb({ refreshExternalizedSessions: true, refreshExternalizedTableLocks: true });"
backend/server.js,32673,const db = await readDb();
backend/server.js,33805,const db = await readDb();
backend/server.js,34370,const db = await readDb({
backend/server.js,35810,const db = await readDb({
backend/server.js,36075,"const db = await readDb({ refreshExternalizedSessions: true, refreshExternalizedTableLocks: true }); recordOrderCancelStage(""readDb"");"
backend/server.js,36329,const db = await readDb();
backend/server.js,37087,const db = await readDb();
backend/server.js,37468,"readDb: async (...args) => automaticCashSplitGuard.refreshState(await readDb(...args)),"
backend/server.js,38127,const db = await readDb(
backend/server.js,38330,const initialAppState = await readDb();
backend/server.js,38792,"if (SHOULD_RUN_BACKEND_OWNER_JOBS && ORDERS_ANY_ASYNC_ACK) withDbMutation(""orders startup reconcile"", async () => { await readDb(); return persistReconciledOrders({ pending: pendingOrdersStartupReconcile, readDb, writeOrderSyncDb: writeIntegrationOrderSyncDb, pruneIntegrationState, nowIso, runtimeMetrics, logger: console }); }).catch((error) => { console.error(`[orders:startup-reconcile] riconciliazione non riuscita: ${error instanceof Error ? error.message : String(error)}`); });"
backend/auth/auth.handlers.js,138,const db = await readDb({ refreshExternalizedSessions: true });
backend/auth/auth.handlers.js,457,const db = await readDb({ refreshExternalizedSessions: true });
backend/auth/auth.handlers.js,538,: await readDb({ refreshExternalizedSessions: true });
backend/auth/auth.handlers.js,648,const db = await readDb({ refreshExternalizedSessions: true });
backend/auth/auth.handlers.js,712,const db = await readDb({
backend/users/users.handlers.js,33,const db = await readDb();
backend/users/users.handlers.js,57,const db = await readDb();
backend/modules/payments/payment-free-split-durable-mirror.js,175,const db = await options.readDb({ preferCache: true });
backend/modules/payments/payments.handlers.js,321,const db = await readDb({
backend/modules/payments/payments.handlers.js,1433,readDb({
backend/modules/payments/payments.handlers.js,3230,const db = await readDb();
backend/modules/payments/payments.handlers.js,3512,const db = await readDb();
backend/modules/payments/payments.handlers.js,3802,const db = await readDb();
backend/modules/payments/payments.handlers.js,3955,const db = await readDb();
backend/modules/integration/order-startup-reconcile.js,107,const appDb = await readDb();
backend/modules/integration/station-snapshot.handlers.js,88,const db = await readDb();
backend/modules/integration/order-async-appstate-flush.js,174,const db = await readDb(attempt > 0 ? { forceReload: true } : {});
backend/modules/app-state/app-state.handlers.js,71,const db = await readDb({ allowMigrations: false });
backend/modules/app-state/app-state.handlers.js,76,const db = await readDb();
backend/modules/sales-sessions/sales-sessions.handlers.js,30,const db = await readDb();
backend/modules/sales-sessions/sales-sessions.handlers.js,48,const db = await readDb();
backend/modules/sales-sessions/sales-sessions.handlers.js,103,const db = await readDb();
backend/modules/commercial-benefits/commercial-benefits.handlers.js,560,const db = await readDb();
backend/modules/commercial-benefits/commercial-benefits.handlers.js,577,const db = await readDb();
backend/modules/commercial-benefits/commercial-benefits.handlers.js,646,const db = await readDb();
backend/modules/commercial-benefits/commercial-benefits.handlers.js,685,const db = await readDb();
backend/modules/commercial-benefits/commercial-benefits.handlers.js,729,const db = await readDb();
backend/modules/commercial-benefits/commercial-benefits.handlers.js,770,const latestDb = await readDb();
backend/modules/commercial-benefits/commercial-benefits.handlers.js,802,const db = await readDb();
backend/modules/commercial-benefits/commercial-benefits.handlers.js,929,const db = await readDb();
backend/modules/menu/menu.handlers.js,382,const db = await readDb();
backend/modules/menu/menu.handlers.js,404,const db = await readDb();
backend/modules/menu/menu.handlers.js,710,const db = await readDb();
backend/modules/counter/counter.handlers.js,362,const db = await readDb();
backend/modules/print-spool/auto-print-owner.js,273,"db && typeof db === ""object"" ? db : readDb(),"
backend/modules/fiscal-pos/fiscal-issue-verification.service.js,41,const db = await readDb();
backend/modules/fiscal-pos/fiscal.handlers.js,29,const db = await readDb();
backend/modules/fiscal-pos/fiscal-outbox-pos-worker-runtime.js,104,const db = await options.readDb();
backend/modules/settings/settings.handlers.js,236,const db = await readDb();
backend/modules/settings/settings.handlers.js,254,const db = await readDb();
backend/modules/settings/settings.handlers.js,275,const db = await readDb();
backend/modules/settings/settings.handlers.js,293,const db = await readDb();
backend/modules/settings/settings.handlers.js,369,const db = await readDb();
backend/modules/settings/settings.handlers.js,407,const db = await readDb();
backend/modules/settings/settings.handlers.js,448,const db = await readDb();
backend/modules/settings/settings.handlers.js,475,const db = await readDb();
backend/modules/settings/settings.handlers.js,486,const db = await readDb();
backend/modules/settings/settings.handlers.js,514,const db = await readDb();
backend/modules/settings/settings.handlers.js,561,const db = await readDb();
backend/modules/reports/reports.handlers.js,71,const db = await readDb();
backend/modules/reports/reports.handlers.js,119,const db = await readDb();
backend/modules/reports/reports.handlers.js,927,const db = await readDb();
backend/modules/reports/reports.handlers.js,950,const db = await readDb();
backend/modules/reports/reports.handlers.js,998,const db = await readDb();
backend/modules/reports/reports.handlers.js,1042,const db = await readDb();
backend/modules/reports/reports.handlers.js,1056,const db = await readDb();
backend/modules/reservations/reservations.handlers.js,717,const db = await readDb();
backend/modules/reservations/reservations.handlers.js,745,const db = await readDb();
backend/modules/reservations/reservations.handlers.js,838,const db = await readDb();
backend/modules/reservations/reservations.handlers.js,931,const db = await readDb();
backend/modules/reservations/reservations.handlers.js,995,const db = await readDb();
backend/modules/reservations/reservations.handlers.js,1141,const db = await readDb();
backend/modules/reservations/reservations.handlers.js,1340,const db = await readDb();
backend/modules/reservations/reservations.handlers.js,1460,const db = await readDb();
backend/modules/reservations/reservations.handlers.js,1519,const db = await readDb();
backend/modules/reservations/reservations.handlers.js,1564,const db = await readDb();
backend/modules/reservations/reservations.handlers.js,1579,const db = await readDb();
backend/modules/reservations/reservations.handlers.js,1614,const db = await readDb();
backend/modules/automatic-cash/automatic-cash.handlers.js,804,const db = await readDb();
backend/modules/automatic-cash/automatic-cash.handlers.js,811,const db = await readDb();
backend/modules/automatic-cash/automatic-cash.handlers.js,880,const db = await readDb();
backend/modules/automatic-cash/automatic-cash.handlers.js,930,const db = await readDb();
backend/modules/automatic-cash/automatic-cash.handlers.js,995,const db = await readDb();
backend/modules/automatic-cash/automatic-cash.handlers.js,1044,const db = await readDb();
backend/modules/automatic-cash/automatic-cash.handlers.js,1081,const db = await readDb();
backend/modules/automatic-cash/automatic-cash.handlers.js,1127,const db = await readDb();
backend/modules/automatic-cash/automatic-cash.handlers.js,1218,const db = await readDb();
backend/modules/automatic-cash/automatic-cash.handlers.js,1237,const db = await readDb();
backend/modules/automatic-cash/automatic-cash.handlers.js,1258,const db = await readDb();
backend/modules/automatic-cash/automatic-cash.handlers.js,1516,const db = await readDb();
backend/modules/automatic-cash/automatic-cash.handlers.js,1582,const db = await readDb();
backend/modules/automatic-cash/automatic-cash.handlers.js,1694,const db = await readDb();
backend/modules/automatic-cash/automatic-cash.handlers.js,1801,const db = await readDb();
backend/modules/automatic-cash/automatic-cash.handlers.js,1890,const db = await readDb();
backend/modules/automatic-cash/automatic-cash.handlers.js,1944,const db = await readDb();
backend/modules/automatic-cash/automatic-cash.handlers.js,1962,const db = await readDb();
backend/modules/automatic-cash/automatic-cash.handlers.js,2257,const db = await readDb();
backend/modules/automatic-cash/automatic-cash.handlers.js,2280,const db = await readDb();
backend/modules/automatic-cash/automatic-cash.handlers.js,2370,const db = await readDb();
backend/modules/automatic-cash/automatic-cash.handlers.js,2417,const db = await readDb();
backend/modules/automatic-cash/automatic-cash.handlers.js,2509,const db = await readDb();
backend/modules/automatic-cash/automatic-cash.handlers.js,2567,const db = await readDb();
backend/modules/automatic-cash/automatic-cash.handlers.js,2776,const db = await readDb();
backend/modules/automatic-cash/automatic-cash.handlers.js,2856,const db = await readDb();
backend/modules/automatic-cash/automatic-cash.handlers.js,2928,const db = await readDb();
backend/modules/automatic-cash/automatic-cash.handlers.js,3049,const db = await readDb();
backend/modules/automatic-cash/automatic-cash.handlers.js,3209,const db = await readDb();
backend/modules/automatic-cash/automatic-cash.handlers.js,3344,const db = await readDb();
backend/modules/automatic-cash/automatic-cash.handlers.js,3424,const db = await readDb();
backend/modules/automatic-cash/automatic-cash.handlers.js,3506,const db = await readDb();
backend/modules/automatic-cash/cash-movement.handlers.js,334,const db = await readDb();
backend/modules/automatic-cash/cash-movement.handlers.js,509,const db = await readDb();
backend/modules/automatic-cash/cash-movement.handlers.js,576,const db = await readDb();
backend/modules/automatic-cash/cash-movement.handlers.js,695,const db = await readDb();
backend/modules/automatic-cash/cash-movement.handlers.js,753,const db = await readDb();
backend/modules/automatic-cash/cash-movement.handlers.js,781,const db = await readDb();
backend/modules/automatic-cash/cash-movement.handlers.js,910,const db = await readDb();
backend/modules/automatic-cash/cash-movement.handlers.js,984,const db = await readDb();
backend/modules/automatic-cash/cash-movement.handlers.js,1027,const db = await readDb();
backend/modules/radio/radio.handlers.js,100,const db = await readDb();
backend/modules/radio/radio.handlers.js,112,const db = await readDb();
backend/modules/radio/radio.handlers.js,152,const db = await readDb();
backend/modules/radio/radio.handlers.js,164,const db = await readDb();
backend/modules/radio/radio-hub.js,177,const db = await readDb();
backend/modules/radio/radio-hub.js,454,const db = await readDb();
backend/modules/auth/api-worker-request-fastpath.js,46,const db = await readDb();
backend/modules/pos-rooms/pos-rooms.handlers.js,30,const db = await readDb();
backend/modules/pos-rooms/room-change-approve-pin-proof.js,77,"const db = await measure(""readDb"", () => options.readDb());"
backend/modules/payments-provider/payment-provider-transactions.repository.js,184,const db = await this.readDb();
backend/modules/payments-provider/payment-provider-transactions.repository.js,194,const db = await this.readDb();
backend/modules/payments-provider/payment-provider-transactions.repository.js,204,const db = await this.readDb({ allowMigrations: false });
backend/modules/tables/table-lock-worker-request-fastpath.js,40,const db = await readDb();
backend/modules/commercial-configuration/commercial-configuration.handlers.js,32,const db = await readDb();
backend/modules/postazione-actions/postazione-actions.handlers.js,111,const db = await readDb();
backend/modules/status/status.handlers.js,1152,const db = await readDb();
backend/modules/status/status.handlers.js,1546,"(await readDb({ allowMigrations: false }))?.meta,"
backend/modules/status/status.handlers.js,1563,const db = await readDb({ allowMigrations: false });
backend/modules/status/status.handlers.js,1575,const db = await readDb({ allowMigrations: false });
backend/modules/status/status.handlers.js,1598,const db = await readDb({ allowMigrations: false });
backend/modules/status/status.handlers.js,1628,const db = await readDb({ allowMigrations: false });
backend/modules/scoped-reads/scoped-reads.handlers.js,181,const db = await readDb();
backend/modules/scoped-reads/scoped-reads.handlers.js,195,const db = await readDb();
backend/modules/scoped-reads/scoped-reads.handlers.js,215,const db = await readDb();
backend/modules/scoped-reads/scoped-reads.handlers.js,282,const db = await readDb();
backend/modules/smart/smart.handlers.js,43,const db = await readDb();
backend/modules/smart/smart.handlers.js,61,const db = await readDb();
backend/modules/smart/smart.handlers.js,113,const db = await readDb();
backend/modules/smart/smart.handlers.js,128,const db = await readDb();
backend/modules/smart/smart.handlers.js,168,const db = await readDb();
backend/modules/smart/smart.handlers.js,316,const db = await readDb();
backend/modules/smart/smart.handlers.js,539,const db = await readDb();
backend/db/app-state/app-state.repository.js,781,async function readDb(options = {}) {
